Machine_ID,Temperature,Run_Time,Downtime_Flag
M_052,92.5288655605501,1398.517692357396,0
M_093,67.10472088252581,4711.935095511166,0
M_015,84.87733884942581,4366.683308619239,0
M_072,73.12439368966398,808.821056760548,0
M_061,115.35842766319122,3931.3797837854727,1
M_021,50.52740541938523,2872.936911588833,0
M_083,65.77329583987698,2832.876810857093,0
M_087,75.57497737718404,1955.2138152908722,0
M_075,84.14668605661166,2505.7649959100486,0
M_075,109.55722624853024,1985.8938871460552,0
M_088,56.152133717810074,2698.6630937997143,0
M_024,106.41054207188003,3139.750263863179,1
M_003,53.89574425498827,3371.519032045242,0
M_022,108.96198247087271,2662.405962797131,0
M_053,53.6144834512159,3607.1103366436587,0
M_002,51.27697369998528,706.390246377529,0
M_088,98.78730236564951,1059.9124545111927,0
M_030,119.8078874337876,4093.6750203713505,1
M_038,112.76271840818146,1612.6398892320758,0
M_002,90.3198892463962,114.46912488060124,0
M_064,114.21769291598721,768.9557483401554,0
M_060,50.37100044783238,1118.0721724815562,0
M_021,118.25470140615998,4786.614439472936,1
M_033,84.35241454811492,2865.2071446542463,0
M_076,100.60272676352429,4663.653702381274,1
M_058,107.46030312073468,2875.8167524831247,0
M_022,100.29200895855875,2396.772200689259,0
M_089,87.45257124314374,1568.6384559704802,0
M_049,83.36336388884884,3031.8547221668778,0
M_091,108.70077910918374,695.9901230876492,0
M_059,64.35542921046213,4491.30813646353,0
M_042,117.7595846552964,4146.662025706419,1
M_092,99.76667351857239,1587.6572393836852,0
M_060,63.96548491368238,4763.987638006472,0
M_080,101.53730285889418,4126.003837077841,1
M_015,87.08880162267818,3331.5344291751985,0
M_062,99.50610669511111,608.8095556263739,0
M_062,103.74456510099871,2391.170115240361,0
M_047,56.110312571277284,2530.537774233754,0
M_062,85.42727694515429,1162.7567918269006,0
M_051,115.24100395798538,399.8269717965097,0
M_055,72.444953451166,3883.6181523584632,0
M_064,91.57181682905292,610.1752606219751,0
M_003,75.84613370569272,2971.4537528088736,0
M_051,81.79875805533698,4682.245869418302,0
M_007,88.40221825567073,4380.525962990213,0
M_021,88.4245385922284,1388.7631187463057,0
M_073,64.12113236311652,4257.243187756327,0
M_039,97.92000835158834,1.662530602447032,0
M_018,56.15076778698598,88.4390480662861,0
M_004,59.717734140941424,3012.765819214325,0
M_089,50.189762959003076,1823.9910957226473,0
M_060,58.16872448991769,1932.3042057957357,0
M_014,83.12163407363246,2822.2054533944124,0
M_009,92.4271316739087,958.9122779593029,0
M_090,105.60026149765237,1058.7767533273918,0
M_053,57.46894750794053,2423.0079350943233,0
M_002,109.55092220115182,3771.2677217193154,1
M_084,102.21821678841027,3097.4887570379383,1
M_092,78.59628050551419,1486.7752411841946,0
M_060,115.30566469699683,2151.685887544606,0
M_071,119.36506335201734,853.3237927499921,0
M_044,64.3501267037266,373.14907168540856,0
M_008,76.54600094746603,3913.480203720746,0
M_047,114.85145965127978,1326.937045940973,0
M_035,100.5117585525894,888.8319392562411,0
M_078,53.36662507748614,3458.0902778465966,0
M_081,104.70601372259904,3090.25837143593,1
M_036,107.95586210242443,3165.9481300673206,1
M_050,102.53513473357194,1144.4730242330681,0
M_004,105.96759916436609,1163.227692813405,0
M_002,107.7592873684958,1104.0131489281957,0
M_006,63.04834907517009,868.7629783114726,0
M_054,66.49842222454998,3278.6183628082817,0
M_004,94.3630994604124,4240.079426247007,0
M_054,113.55062913237612,3621.587348383306,1
M_093,72.13376076075463,3960.468168802716,0
M_063,91.18146730565397,2023.992145425999,0
M_018,97.80874443919927,3270.3789768599904,0
M_090,81.63640209093275,1771.1812022238726,0
M_044,99.96477183987281,2627.5231098432,0
M_034,112.97672117045212,2408.1742326743115,0
M_074,93.68710809272864,884.435725719272,0
M_062,87.78467433402432,1935.3938016781542,0
M_014,80.71212727718373,4819.111377411755,0
M_095,90.4240389634288,1242.9012885747104,0
M_048,74.8753716272877,669.0186813974436,0
M_015,77.40374771410514,2092.9031081196763,0
M_072,87.23002357817218,3951.6886793007407,0
M_078,54.663337867357185,2910.7411488998614,0
M_087,66.03177736473575,3404.8741361912225,0
M_062,87.99945174293862,948.474240873386,0
M_040,80.20697001955098,3094.7409650386076,0
M_085,73.2971050138739,1617.5019745573688,0
M_080,101.13843957665111,4171.516829773837,1
M_082,98.56023251823369,3146.494030053681,0
M_053,61.67115319953682,994.2813888764796,0
M_024,111.50403807614067,323.08339922043075,0
M_026,84.6796538482776,213.16604643516368,0
M_089,101.90226377973318,1857.0428382507037,0
M_060,90.12055944801722,1329.2556832715675,0
M_041,119.83848311466903,3230.45061731254,1
M_029,102.6682184027176,2496.669174893091,0
M_015,99.48863228704212,1330.0963900269037,0
M_045,104.50003573355258,746.1888897508805,0
M_065,60.018958988392875,635.9988134372479,0
M_089,64.31812152186242,4323.301960702089,0
M_071,99.984485755653,1217.3898420243363,0
M_009,84.57870409916038,3258.5532395548416,0
M_088,102.82447043020815,4053.429639931331,1
M_001,57.20412215209015,3070.4065559236806,0
M_008,87.55369460392163,4297.826158234729,0
M_088,76.5175095889841,1961.9686076423725,0
M_063,81.99001534971748,4781.110953244742,0
M_011,92.27705104507586,665.7250208904846,0
M_081,85.16018432237712,510.7476482876905,0
M_008,87.79024459789858,3293.4607310372176,0
M_035,84.04502373969254,4714.155707066308,0
M_035,78.62686239598452,4044.4173081816402,0
M_033,104.03173864187715,382.0842971902572,0
M_005,50.854215062263115,1396.8385696735818,0
M_041,91.89098908436588,4651.594424189118,0
M_028,89.58558431260818,1265.2921640039228,0
M_007,100.13253523130666,3905.852118934596,1
M_073,91.93205553441285,4125.660979643519,0
M_072,107.87591794663548,2477.2605173049087,0
M_012,117.13523561948195,1931.7445492415775,0
M_034,73.97669800249804,2250.622162098798,0
M_033,65.91456881209909,1134.8234718268207,0
M_048,79.6517803694338,4446.954580644221,0
M_023,70.15507315330083,2253.0982836487897,0
M_062,93.04651842068581,4412.297202280499,0
M_088,113.82966861900752,528.4673995313705,0
M_037,59.73813359001433,4941.376355000657,0
M_099,57.05562221111205,2216.3654372180913,0
M_044,67.92108722975635,239.15410197052734,0
M_086,100.82669102436805,190.10924118727456,0
M_091,91.50740336811751,3731.036287409193,0
M_035,57.154886495763975,3295.177671018404,0
M_065,114.31253655825225,4010.6527906379374,1
M_099,105.30592459868606,526.8376697640298,0
M_047,51.61158233513463,177.85433517774175,0
M_078,95.59570476917723,2542.8964472378925,0
M_003,103.98726679638166,1937.9761574138477,0
M_001,76.21047588042954,2309.734683354779,0
M_005,54.82450775570531,4957.94204435137,0
M_090,55.412474584215104,4853.749788353351,0
M_014,57.297287623626666,4711.576948365964,0
M_027,108.8307742386296,3919.2133838383693,1
M_009,113.74803387789991,1774.206801284452,0
M_079,58.596754729201365,2060.654651313858,0
M_015,66.51342242165569,2748.0802185946222,0
M_090,61.58643572571028,4152.672282024199,0
M_042,63.04246156458845,343.5641625913388,0
M_077,108.62435523017444,2121.484429424441,0
M_051,73.25024888584572,413.0883172963434,0
M_063,71.80109848319489,2573.287932867558,0
M_096,65.91769346139789,4494.504120031177,0
M_052,92.55260756559811,3912.42462281969,0
M_096,76.55139888698842,1139.2120877155498,0
M_004,102.09747562903021,4879.954247993962,1
M_094,64.39058658629463,3336.751990232142,0
M_023,105.14529221001447,52.13849698701534,0
M_015,92.26050722110972,1277.0674234260975,0
M_043,57.998711003898144,1303.5664995995828,0
M_029,79.01532089425393,346.27153142929967,0
M_036,110.44626984290699,4799.132590379645,1
M_013,114.60721622589394,2391.2764728796187,0
M_032,82.59900856231693,4479.07298685941,0
M_071,83.65858846623516,1611.0775172231417,0
M_059,114.29183074575108,626.1678521641356,0
M_086,91.0947756895597,2371.6805495310696,0
M_028,52.29926691704068,569.7831735715858,0
M_066,113.89246240153902,2430.0775148876996,0
M_042,67.37585099300063,4601.485906097038,0
M_045,90.4342367864083,2603.8407091710637,0
M_062,61.58593221995817,3082.4986344754175,0
M_057,52.37154121726165,783.1921848690415,0
M_006,71.80312197929302,218.67812939984742,0
M_028,104.63469952822614,554.0398108990352,0
M_028,69.43110208405926,2992.657878421828,0
M_044,65.4068049856768,475.0584949615233,0
M_084,64.88765490388585,1879.9644497065572,0
M_030,86.06215776847688,2750.45970229078,0
M_062,118.28789209779293,1943.2639931492351,0
M_075,82.12922916119092,818.4190073265074,0
M_092,89.01137582230335,1368.9565375705326,0
M_089,110.24424125235137,4641.587664242885,1
M_062,87.4548803253561,3379.9113779317768,0
M_097,62.91240099931993,2480.2391933994327,0
M_001,70.97171382365339,63.574449934467594,0
M_027,71.69558483880276,4962.077002447351,0
M_062,77.81226808203185,3357.2746744732162,0
M_077,79.87522337357245,1584.6123867247247,0
M_003,105.98474154519886,4396.343299989191,1
M_070,74.45708993345332,1292.1581014590904,0
M_072,82.77622799089656,2720.082895913758,0
M_027,93.74831909357366,3180.3538186491255,0
M_009,76.44081632081185,1105.3168572686423,0
M_062,108.55953693046331,4891.986394002979,1
M_037,91.12175229638521,3740.9595298949876,0
M_097,70.58312754546802,2789.06612755535,0
M_051,99.98414398528797,902.9729908765044,0
M_044,86.935341110135,269.29103499013064,0
M_024,87.41191238800728,1600.2991626049172,0
M_079,83.67615638713102,3765.936679567014,0
M_059,84.79083641748743,1346.6564915101253,0
M_032,103.57493967463685,2697.7811024775256,0
M_096,57.20870355319209,3639.735883653716,0
M_088,73.40539679173375,539.7185732323218,0
M_052,55.28523546627225,3426.490080579367,0
M_062,102.72723545232157,459.3544385502235,0
M_058,69.06112983042095,4825.648710634982,0
M_052,112.8201286873219,2441.970650324698,0
M_012,86.86049266615056,753.3805385493869,0
M_039,106.05248400402847,1711.9181801677325,0
M_002,118.52520049311728,2067.0822464763073,0
M_003,108.78522016195994,3790.925055382687,1
M_056,110.68956320080665,3717.1189303830465,1
M_081,78.55891467553913,3059.702526686655,0
M_059,88.62058166815379,529.6535627924648,0
M_002,67.7721994830313,757.846857938368,0
M_002,63.7279169785417,468.7846032277831,0
M_092,85.38555153742237,2885.8639164377505,0
M_054,91.65342857902944,4385.69220755702,0
M_087,73.74898721273337,2169.002561273859,0
M_096,89.86104624344503,804.240869788731,0
M_097,112.1222337759452,2790.211625744835,0
M_001,88.97051093483563,4058.7610843285493,0
M_019,100.45691674173545,3708.56030756465,1
M_002,106.37204771505336,4407.253898375107,1
M_053,119.211014736881,1389.510486244339,0
M_044,92.22381815238857,969.7693363388743,0
M_090,106.47951042738103,4399.082429709693,1
M_032,117.38545229884123,3287.801563890115,1
M_070,116.10868079040914,1554.6446500377708,0
M_032,59.87572941443995,3711.7402528625457,0
M_068,78.44746157914653,4075.5919224018394,0
M_055,72.67930427747598,3074.891201705662,0
M_075,56.08475104652445,3439.4205493995755,0
M_056,94.32685424376723,1876.2995222133316,0
M_017,101.51332292372015,2693.4783367151954,0
M_038,109.36896668268184,2620.795853630811,0
M_024,58.594382276389595,4240.238955653859,0
M_069,111.35108531127057,4199.819901410913,1
M_098,95.00478945299773,4163.402346735216,0
M_070,99.27622945969566,55.15807131232897,0
M_086,113.74368024782127,3747.727422344441,1
M_011,93.73328897302758,3793.381950555024,0
M_016,73.51061000048846,3391.8941142757094,0
M_097,107.75751319958619,3781.323289457263,1
M_073,75.41414485365634,4209.851857483543,0
M_059,52.39596775743704,2351.595270508928,0
M_070,108.14581545956747,2510.2510674422356,0
M_080,74.1634501416893,623.5702845569524,0
M_093,104.16841662409382,1926.879415236809,0
M_003,75.39305262661618,3216.8258995589217,0
M_020,110.27476139823051,3901.9988807363725,1
M_059,65.36573675566711,1086.0454884560527,0
M_036,118.2183085639209,689.114495796177,0
M_019,104.58311423516216,3315.210022502461,1
M_090,57.99665481442778,9.399417624553209,0
M_067,89.60436339765923,891.8629215366492,0
M_019,118.97571185692142,145.35690171976867,0
M_020,82.97458168856701,834.4255892743546,0
M_096,62.74749971751083,906.5963996275261,0
M_071,83.93448570052423,1938.367973751971,0
M_052,85.87203591173451,2011.6356234327798,0
M_033,101.91808609600659,4371.312353051188,1
M_040,98.91920972126331,2550.548562494126,0
M_039,78.17850305178864,3617.0238280614312,0
M_082,65.26161752458606,520.6867896014372,0
M_001,95.15379174385306,1127.1937773184693,0
M_011,79.51927541872973,3514.717204893384,0
M_092,59.25933477877312,264.01980234264045,0
M_057,113.040061086547,2432.9883112187654,0
M_089,98.3855300326758,2996.844828314669,0
M_050,97.82286995118369,3010.728220262405,0
M_023,107.58087131381717,114.66405634021015,0
M_031,87.07631750585568,1610.5400211459275,0
M_094,107.05380998817199,3182.4532552457704,1
M_042,84.8663527457704,744.9986807462172,0
M_099,54.7022779940997,3477.0782416402662,0
M_007,78.36736616193821,3729.6260440683727,0
M_016,84.82254257859233,4909.845952230727,0
M_090,100.41418071426071,1049.2099742820471,0
M_060,57.46051110900721,4125.653338330576,0
M_002,59.80129770623143,2601.4828845932702,0
M_001,68.45786618442315,1867.3129807208672,0
M_048,68.65488753596176,611.8837866258897,0
M_012,101.25292049213436,3677.528032437688,1
M_069,67.55114623931185,1179.2879957184355,0
M_037,94.31686443502133,1857.1100093652287,0
M_032,84.599169509679,312.7111344868422,0
M_009,90.13060647255804,4006.834579097595,0
M_099,108.6674874224807,3832.942619858217,1
M_019,78.3067051084317,3668.079150211562,0
M_048,103.96379639449893,1497.2175524594334,0
M_080,79.54252416854811,867.4003713297863,0
M_003,74.77099635928747,3187.7663223511486,0
M_020,117.10390241192543,2480.8319205660973,0
M_024,62.905964447527424,891.2623345232079,0
M_054,56.32358724043255,3429.5563552493186,0
M_033,103.9690147874835,4955.632159106518,1
M_024,54.77747937478641,3736.0979387101884,0
M_075,108.59552934921206,3699.931933428059,1
M_072,80.60353774500705,4751.5637646529585,0
M_036,114.08595741043398,1014.681837874511,0
M_038,100.50730027853339,2827.749824607202,0
M_084,92.72832669055703,4898.233575169417,0
M_099,116.4514757940436,826.4705548508728,0
M_089,77.76545611364381,3501.259797222605,0
M_099,116.78608555777431,2929.05072985951,0
M_025,59.450089419484485,2932.395460943535,0
M_093,83.8628459352689,3488.3531376003757,0
M_018,68.89378556745365,4648.084614378421,0
M_082,87.78899452357354,3912.9096992566897,0
M_066,61.340971452410926,280.68051708105,0
M_054,108.90707622170304,4263.640099378556,1
M_035,109.248549452019,1127.7066496286632,0
M_080,116.86654189064353,1884.5708236818598,0
M_061,60.82704986182654,2308.6640680619107,0
M_041,93.63327856334935,2404.5300037653483,0
M_033,83.19661160902587,2175.901996276784,0
M_068,74.10686124309632,4686.766471079322,0
M_033,74.60781127939532,3530.095038320123,0
M_014,78.89554854247265,3155.853229783532,0
M_021,99.34478847822672,249.21013891470778,0
M_048,91.88002407877082,4519.566651301873,0
M_020,82.17770589327918,4546.9509600419815,0
M_008,55.315338725873545,3901.0653171505114,0
M_007,55.443574085527,35.14601906809578,0
M_067,50.16375734380448,286.4012553881168,0
M_017,117.73895717449605,1126.1185113424488,0
M_033,50.36776729908694,656.7470407245335,0
M_048,57.21656222096214,1994.1801485186472,0
M_076,72.02175897665876,4613.115290438948,0
M_059,106.52011762717328,2360.3021709849913,0
M_086,117.34691500348823,67.01313216082805,0
M_022,105.30094911542992,1413.72844789381,0
M_030,98.33921627119484,222.9745418648077,0
M_038,86.49104671894986,181.43811306751078,0
M_051,56.06936483035285,1378.5992654777613,0
M_054,117.07195551027513,1378.0616933947272,0
M_008,103.0874689761977,3935.63301300802,1
M_027,94.72645697339833,4874.17326390556,0
M_027,103.13250918771949,1856.0354694499915,0
M_098,100.6872330491197,2144.434394305193,0
M_021,94.60621058526408,4223.947181430107,0
M_030,118.64037601259918,1340.695100477567,0
M_097,113.23546688452174,781.9090220172397,0
M_028,95.26654433820144,4265.448117018253,0
M_064,98.52226480198473,232.50293220032748,0
M_097,53.6117064661097,3098.4972009970784,0
M_069,96.89422251850274,2809.964237334034,0
M_061,53.09158063970701,1729.6022375084713,0
M_048,91.17846298789517,1575.9476054867948,0
M_019,119.95474496960844,3859.2886309081064,1
M_004,88.90646070060257,432.1230538127324,0
M_035,83.12470826569333,1183.9215465569268,0
M_064,71.89983995539113,3662.243659190449,0
M_049,58.43658051505251,2741.602918632121,0
M_017,101.17165700207971,639.9410426679319,0
M_044,63.48193194499413,4410.678071410301,0
M_092,58.069741487309905,1967.2392328179578,0
M_030,79.52338618113588,4139.341876610864,0
M_093,105.67392865713683,3938.5650776385432,1
M_046,102.15451836841542,3122.1272323586404,1
M_006,53.84178302525324,2472.4056564754646,0
M_099,81.86005795253092,4897.754201908784,0
M_037,86.57042032498182,724.8253618990852,0
M_024,95.11826554380755,3625.778637755574,0
M_093,95.51171453102597,955.953507323945,0
M_046,75.52880746201141,1691.3155266617418,0
M_053,89.24740358024599,1543.4937168659762,0
M_095,83.67433186908605,4735.1799386936145,0
M_099,111.94988495662967,4836.780888941376,1
M_060,87.11855928444301,915.0772211736357,0
M_097,80.87225132237131,110.17580148752093,0
M_063,78.31398147772956,3600.0401983155657,0
M_085,90.0699431603426,2089.9496693524216,0
M_032,106.27838855806283,444.2012254378219,0
M_087,87.68810432665512,3418.7705278852127,0
M_033,96.31586225563791,2725.5276413034985,0
M_067,101.64990368345676,4902.58411000553,1
M_018,86.41176769151123,1137.0474793068947,0
M_025,79.8771939658405,2019.8893816327413,0
M_095,111.36657645037147,2712.7290169771145,0
M_054,79.22542588195245,3958.4999422667584,0
M_058,82.33599954029114,2744.1932836002934,0
M_067,119.3238919339244,3064.500804309746,1
M_046,50.01662665031192,1130.7352579497037,0
M_024,62.983103670370575,4234.593640442799,0
M_032,76.8774722943808,2143.1527348523787,0
M_047,115.2812936597677,704.7981376088463,0
M_086,54.90207940232297,3320.939572527087,0
M_023,50.663980353994866,1080.4522659265376,0
M_066,53.687868518406,487.8125511964987,0
M_027,56.19803874295327,4309.934542021361,0
M_002,52.63177412443826,2300.811322442198,0
M_090,83.58469287995533,3746.4185634788823,0
M_017,90.65300450591295,1452.9377990317755,0
M_033,69.01808797483028,3934.8506745883315,0
M_009,77.88011687829449,559.6796351076516,0
M_043,56.41895345780011,1779.8668689742635,0
M_048,73.54593246798954,4890.309089867643,0
M_039,86.57634341441661,3969.9485818400303,0
M_093,101.25902650292517,2486.279651573441,0
M_042,50.234245343008546,1698.8873578094256,0
M_026,82.71175365763568,4360.678500112383,0
M_099,70.79020135184176,2724.2387954225783,0
M_050,109.69752751843309,3792.1250893455554,1
M_025,100.08873206639694,3770.5384015808204,1
M_024,91.23759741296263,89.72839284245914,0
M_013,69.40859519877415,631.2689139630672,0
M_060,113.72373714402741,3298.146831973711,1
M_007,53.157047405422624,808.0990564293572,0
M_057,57.66273190753806,1277.4667232780234,0
M_036,77.41410983782492,4733.189770998036,0
M_045,58.71062901077995,2800.9112918745595,0
M_020,116.94909882915975,3753.647534996736,1
M_065,105.85925255003684,2789.9036939131993,0
M_008,68.12878561212696,2762.568073913626,0
M_016,91.19879602812718,470.75955062848954,0
M_014,118.76313605560571,1718.3159630455152,0
M_076,111.8939284692052,1412.1544934325586,0
M_087,92.05589125095386,1953.6418280680662,0
M_015,113.26067770226894,3991.7209411216413,1
M_092,119.24294368693512,1859.6633395843244,0
M_098,102.03469760255369,2258.4840961584136,0
M_066,54.54904866380258,1986.9069524265826,0
M_032,78.11061654978413,467.039859876478,0
M_087,108.64780146982719,2205.3607912539187,0
M_063,66.13984370635133,978.0463652225751,0
M_086,108.14497624254372,933.6164788652073,0
M_051,58.423713342449716,470.18052217133175,0
M_025,53.28617500034691,1783.3548707088237,0
M_058,76.88634280438747,3787.409423947087,0
M_063,52.571235619862954,1382.2084529169804,0
M_062,117.0089184088328,1561.7455094275679,0
M_022,107.83439870557761,3213.373288362118,1
M_058,106.05387809909126,979.2040629345944,0
M_058,94.08445460973071,4484.789652117672,0
M_086,65.14268161255875,2600.952616257772,0
M_049,86.27822566734746,2238.0147016010847,0
M_052,91.80918507012387,2789.100959646007,0
M_042,86.75220506021877,830.1715670809773,0
M_070,68.21633575660691,3067.3656931958817,0
M_015,86.06735470203081,1815.5036831700522,0
M_054,84.38304386080387,4485.931704823094,0
M_060,119.7435043064707,844.2710333884306,0
M_097,112.82053036323427,2535.255519327205,0
M_008,82.43665237509339,2990.56314684509,0
M_053,93.60561680545831,166.91800893190612,0
M_060,102.351012286456,1818.4656237807012,0
M_005,52.44056121636774,3663.176173504164,0
M_068,112.64450088594879,4101.8875372448665,1
M_006,110.20887714925466,1565.8099740864118,0
M_096,82.02024684415952,3992.9663619137564,0
M_094,77.38188362562659,4838.779385516944,0
M_047,69.10715623994204,4284.36968037547,0
M_099,83.36737798312578,588.219940796626,0
M_055,53.10636644732657,3698.651660427703,0
M_040,109.65354733429055,1598.3341622027235,0
M_052,52.47956578929816,4942.079947060382,0
M_016,73.03359557589097,2426.794915799436,0
M_013,115.21126418232929,612.1694917947051,0
M_030,101.4648858166417,3625.927740136954,1
M_019,69.69736724042687,1615.0559919310692,0
M_017,67.68543657726195,4985.390785408308,0
M_063,50.355749787261814,4898.912289272609,0
M_019,98.70000049948251,3280.6700901029035,0
M_092,53.414850717122114,649.1322447585878,0
M_058,87.28217635805335,3434.3049883751455,0
M_055,117.34853808144348,465.152432300136,0
M_090,57.66282020381177,146.8207955119616,0
M_090,112.61359516776471,4114.79223110743,1
M_062,119.40327346015337,1048.7647384184068,0
M_023,54.30619183674645,1895.135631095487,0
M_009,111.80343883962229,4867.286949880866,1
M_012,86.12553143105316,1684.2025093055163,0
M_001,113.4559603611206,1482.4489064165764,0
M_058,89.99232593437019,4591.039998113876,0
M_001,96.34784070745953,553.7422265947905,0
M_034,88.06452355981796,3797.912050573159,0
M_096,110.5145016215144,4940.32783326387,1
M_048,101.37369432675912,4506.480053873244,1
M_089,86.48822185262904,3258.3395935321296,0
M_001,110.7712562836083,1570.3039749636598,0
M_016,67.16998725787342,1271.6099058915836,0
M_061,61.01384617917682,4096.275524357306,0
M_064,61.228007373105044,4399.109569758476,0
M_063,73.38062151216666,2627.1745627284645,0
M_069,66.70830219107123,1221.6997039323307,0
M_022,115.10632453568171,564.7160420558678,0
M_093,57.40838656800088,435.8973391591559,0
M_067,98.92935166277114,3595.387236769278,0
M_076,63.24550778495041,2100.5936392386247,0
M_026,111.71459929392452,4526.799371389352,1
M_016,117.29207017294353,3698.356503633818,1
M_051,82.58290061389886,956.3020895729335,0
M_086,111.53500361596922,3068.887094078495,1
M_057,50.36016195283003,2177.5272719907966,0
M_029,107.396284218567,2886.2486538430653,0
M_078,66.00376130674465,3690.3456166925857,0
M_092,113.60909164885575,4030.979405018954,1
M_069,50.07840780360766,4218.686632033621,0
M_047,88.932721452783,1269.8743728601237,0
M_094,102.96450626494543,155.57799958678842,0
M_062,68.10818314885356,3696.473675823866,0
M_069,63.519300521110516,531.718631278873,0
M_076,55.88687571275892,1574.5979430648383,0
M_016,72.8503503552305,19.085670621735716,0
M_090,89.18910186161807,3408.3474120081005,0
M_090,58.10906997461804,835.6600573561062,0
M_048,76.3686753390759,3276.412048458291,0
M_085,50.635068325690746,4958.713085839194,0
M_039,107.30755943498892,363.35435805008143,0
M_033,58.991410266523395,385.39005975730345,0
M_094,69.83400637859071,1701.9004633333745,0
M_023,51.289940311675224,4331.932571256711,0
M_010,80.25685487247586,1077.6493439566593,0
M_069,108.80850519188532,1801.8890996517378,0
M_034,77.45058480116376,342.52703313489786,0
M_052,62.56481263966834,3815.7764562944467,0
M_095,102.75891838353634,2041.5317137972554,0
M_010,105.21648873095211,3796.243665304214,1
M_019,62.16274327152968,4518.039221733976,0
M_058,103.95978759786928,1163.8157355064438,0
M_096,116.31085217794366,4036.980151699757,1
M_001,61.64643108525907,295.4694503912664,0
M_069,103.96890047724949,4494.236940901236,1
M_004,99.60004032218406,3253.842737793737,0
M_016,83.1501721904562,4371.133620691758,0
M_024,54.05443223911588,0.9419977829094872,0
M_080,55.22860924304978,845.4053517799625,0
M_002,109.66902614390534,1948.7969371324605,0
M_092,119.31038609254529,1897.514516873593,0
M_032,97.32365800307281,1133.6519146175533,0
M_091,81.2170814907225,1908.0596993360004,0
M_084,95.33015503813354,644.2435600012741,0
M_024,91.60771014599817,2063.80564633013,0
M_012,76.85285822839353,4011.771645796321,0
M_050,54.593830120180904,2395.350315516756,0
M_035,107.50590631852086,90.00044472607493,0
M_033,76.02834704671072,2107.2202078962373,0
M_033,107.31499503499656,135.8750804542208,0
M_061,67.67561247818676,4831.217053533991,0
M_051,50.072063589194336,637.2697971143448,0
M_043,61.125679829372956,3538.4416316530937,0
M_012,82.7977591738009,4863.881614460429,0
M_067,116.10125444704809,4130.195258332859,1
M_065,57.15355337856033,3496.5768756310185,0
M_033,109.79468421230962,4197.304547503834,1
M_040,86.89168673483034,4908.993466303138,0
M_074,107.81445360599275,3106.722486267648,1
M_043,70.88621016929949,2795.9240341466325,0
M_044,108.79630152707304,3141.190552316407,1
M_029,104.09759460117631,2663.379433807775,0
M_013,66.10375781220037,3175.445529548594,0
M_012,59.19345884865646,2249.211039862796,0
M_095,110.76380257726049,1092.2159144165355,0
M_046,117.42656574080924,601.2361325583781,0
M_002,52.191161962326134,341.70467766130196,0
M_035,101.18890468815799,1316.5789187660005,0
M_087,113.6667157663473,230.61782167866917,0
M_081,110.0152064464749,2835.853899596928,0
M_090,117.5164330589146,1419.1422351176013,0
M_008,103.20658549066681,4122.674040435161,1
M_093,80.96091336666372,371.2043649419322,0
M_026,71.83663933465914,1131.7574717074297,0
M_074,72.45199183066892,3651.2307354507293,0
M_090,100.70958708298818,2994.041481917457,0
M_034,102.2085908421675,322.4563562458377,0
M_007,64.02514004840988,4386.197285811002,0
M_068,110.76859694433716,4386.308814130897,1
M_058,100.04468281415734,1652.0400193788691,0
M_075,89.39252004403679,1702.0292167478235,0
M_029,83.00727220717589,4945.14179175087,0
M_036,88.02629640529707,3130.880857965691,0
M_089,61.147201679548516,2656.5826028402957,0
M_021,64.25908744933919,4190.760917759622,0
M_036,56.38151432843342,1426.4516917865822,0
M_010,60.75606267127789,2145.9129669817844,0
M_073,81.75855442236978,1338.8833774416707,0
M_024,87.12480756097793,3945.804232943657,0
M_064,51.25033247348236,2866.74672817609,0
M_099,105.77584795048193,3294.1253507003526,1
M_049,70.59175813404346,1261.5362491970327,0
M_099,113.82852244719378,1101.1265068865755,0
M_036,117.72578845296444,2441.8731449146935,0
M_082,62.9821212273658,3687.828745464134,0
M_096,82.34681035359625,2626.1987876008006,0
M_024,50.08622846164981,163.22838772834302,0
M_023,91.88290855856988,4342.757531601444,0
M_062,92.511451378387,323.43446757565783,0
M_096,67.32779689223626,4779.122418603762,0
M_037,89.08888708082385,125.70979138636362,0
M_012,65.78780997106148,3472.252280653544,0
M_055,61.25778283547331,411.0353185589083,0
M_013,95.60636267615853,4553.3828971756975,0
M_023,72.81478247664523,2322.166181127714,0
M_089,91.31847572199356,687.618874085077,0
M_099,80.32727242801589,1704.078498949233,0
M_030,118.90459851820327,824.1233767338102,0
M_017,60.4706449867296,852.90955778545,0
M_062,82.52190176450671,4740.541600857211,0
M_084,97.63196384515277,2226.230561423941,0
M_089,77.68815587159781,3944.0113195267977,0
M_086,118.22898963094829,3198.027805888409,1
M_013,100.53213395488545,3382.1318116919615,1
M_059,95.98887002951452,658.4671923601926,0
M_019,102.99414873278563,1170.9222340774284,0
M_049,116.6854046627102,3933.7516757721846,1
M_012,113.54730570892481,4853.831032373915,1
M_061,100.69997156884884,1313.3782129932586,0
M_019,102.44131473708981,1357.8438237551993,0
M_076,60.214545182460185,2364.485664054524,0
M_009,57.1954683144866,4919.201564277189,0
M_071,89.9633151290915,1344.7947291323553,0
M_028,51.2857345858378,2034.8595481713194,0
M_078,83.7649467086114,4457.400078117534,0
M_095,64.7244705943208,14.605163106810037,0
M_052,74.22115973513877,198.82982494284772,0
M_083,104.30633150550693,3020.3583853560963,1
M_016,115.88662529626706,4536.900823564235,1
M_069,55.069139050243905,1194.2833020096382,0
M_099,87.39695441835116,2348.208873403545,0
M_012,111.777344007372,2252.3265082890916,0
M_025,55.77559741082949,2364.8567304775506,0
M_052,107.71598328277837,3112.598478648726,1
M_085,75.046094564979,2348.718814953419,0
M_053,72.54662915535347,2237.340706612289,0
M_023,118.42264704203501,2371.4421021563026,0
M_016,64.06013629036059,2954.3372063552074,0
M_057,98.52357585758767,2685.037441756792,0
M_039,107.50085096069066,4270.679988252521,1
M_053,52.882844669549016,247.4842674683331,0
M_042,96.92698208480886,4166.585357365062,0
M_058,116.60849820487289,4219.62306305862,1
M_039,58.695397670964155,1424.5401076548042,0
M_014,112.73549118795268,2314.2597750792534,0
M_095,91.63436461638553,2192.6924426871774,0
M_005,93.16232073037318,1092.5491717706516,0
M_035,92.90609224059241,1983.9842354315824,0
M_087,70.91851204361197,221.93886085427218,0
M_093,115.46412707096218,1389.110363908672,0
M_075,116.31453238417271,4083.4108772535906,1
M_018,93.77132621497634,1422.8115088144878,0
M_076,104.83959081591303,4091.033343741238,1
M_009,92.85805901168106,2657.9973230221544,0
M_074,83.90789133018285,4399.3133868058,0
M_058,96.25740828094754,2873.897771322076,0
M_017,88.7101016814371,148.34111532369909,0
M_007,91.8233103842351,3377.101037735446,0
M_046,104.86827873932035,224.2678401178433,0
M_013,83.66326820142893,2252.98509491567,0
M_040,52.85278742647309,4647.13347236557,0
M_042,61.479963669264805,826.0196966892508,0
M_009,80.70250515426768,1949.3617647077206,0
M_050,100.73785919118407,3649.301544242392,1
M_027,91.52950538171251,4411.292780474238,0
M_066,95.52059301114177,3354.7150237125393,0
M_005,83.54952500034011,1290.866270955846,0
M_029,93.101941535957,3373.0392645810807,0
M_037,73.03122064702634,1483.63820552045,0
M_038,82.91278148876656,3592.1461490936763,0
M_083,102.09953459164689,4770.165637925203,1
M_008,111.02829452811848,3606.9672555314414,1
M_065,80.35587337694722,4314.402514562062,0
M_086,53.05631603951528,10.519215879417064,0
M_017,61.31707809027618,3587.8606236579717,0
M_071,51.460279750407665,4147.937784326252,0
M_089,95.72841134661311,202.79368772340712,0
M_045,73.26202377485762,4357.988636441153,0
M_004,87.97350450035572,1283.4711415502293,0
M_036,84.52937927486596,3326.460509890276,0
M_070,55.70685426866987,4001.7743951170332,0
M_031,78.22829527866823,3313.322565296777,0
M_019,65.43927874456263,461.42396036628617,0
M_061,79.2879852067357,2981.607594301842,0
M_054,64.25047962395699,2747.918283610718,0
M_039,108.83166843938534,4501.606340371358,1
M_091,62.19353356047775,2021.198648221046,0
M_074,117.25463860408838,1605.4054854352507,0
M_090,79.11351563028586,3749.253822182331,0
M_019,109.23717044133346,2063.376630416983,0
M_039,94.01353727441617,3230.480875025315,0
M_067,101.47452090660269,3232.250450623035,1
M_045,103.74067216467462,4440.195321800589,1
M_013,85.33914173251125,2993.4620115954867,0
M_092,88.03103663543018,2510.7680498099344,0
M_058,85.97971074661075,694.356631982585,0
M_020,91.16408646630555,578.6880333935268,0
M_092,52.05761120295551,771.607826415397,0
M_072,77.68606188943107,859.2424066354725,0
M_061,92.433209949282,3189.3854633181695,0
M_039,91.8406495679105,3704.9062513728927,0
M_001,105.50692662239422,2649.9576146320937,0
M_003,95.8506537182476,4145.088662727455,0
M_077,119.44933214384706,4956.316133668166,1
M_092,69.86981700260515,4100.0631455967805,0
M_062,75.1405720766362,3474.411868379796,0
M_063,76.86930063074574,2662.463497185733,0
M_025,82.60689649141739,2244.265358373541,0
M_056,108.51986446468466,421.9619027227117,0
M_033,66.50544657714468,1996.8437419734546,0
M_038,104.32001449248006,4550.6731839106715,1
M_006,78.37171281600203,4040.1131495327645,0
M_058,92.12987685634059,1080.256825058436,0
M_044,94.27783732584143,2333.0389234860795,0
M_045,76.09940460322541,4083.616012792723,0
M_032,85.88306436440635,336.9227739276126,0
M_045,78.9121822253388,1936.9629283432964,0
M_061,54.83929503306336,4259.206184369738,0
M_047,80.60157721717786,2019.4893208506187,0
M_021,56.817537478748655,388.0732236572043,0
M_080,78.35145593562251,2712.6718426612574,0
M_085,91.50428798822473,4308.712474591477,0
M_075,90.55904295404505,2951.4277147657986,0
M_036,96.38348953058242,1131.395541071159,0
M_099,56.66830555682384,1921.1981006869066,0
M_019,95.64862718713064,2250.616805909661,0
M_020,71.8503639687513,2896.331769102634,0
M_057,77.93321622959778,3796.7551287630654,0
M_018,110.0590377745894,494.368088203177,0
M_047,50.63212828906852,4448.260165087831,0
M_049,91.18888433384238,61.54851508037795,0
M_014,91.90997860700753,1850.2616733712762,0
M_015,77.76618434404934,137.10154986328826,0
M_031,66.59194999758353,1964.8711267264562,0
M_001,66.42718267830858,2629.062994366619,0
M_054,111.85967687625268,2558.4069329075587,0
M_003,80.94170616480002,828.1417351413268,0
M_016,73.16225540924204,3228.7025504780613,0
M_087,81.41443016819821,223.8922525233411,0
M_057,96.8573281021553,3809.534100662077,0
M_075,60.20295977713262,4733.222169967731,0
M_012,81.46036846496165,1698.8441357555894,0
M_074,91.15190597772708,2586.1969085716596,0
M_096,116.40083483960036,1894.551390294072,0
M_016,67.67694474527934,33.551951520299774,0
M_072,75.14755235413719,1929.3725144755797,0
M_076,76.55510129456967,3958.6012963067324,0
M_024,92.3876710351418,2979.9442109174092,0
M_028,74.97124371280012,506.2995730757946,0
M_008,87.34583477097868,4235.697448468925,0
M_092,104.72532308915206,2655.426724426214,0
M_036,99.37699158785425,4208.616808723381,0
M_090,81.24580525588098,2901.107593925147,0
M_008,110.49513243719183,2798.4422241896996,0
M_058,89.0698174715704,526.2959259850619,0
M_060,87.79340876515488,836.7986656931398,0
M_050,52.393143615741074,4860.1262824829555,0
M_028,119.06850862500131,1142.4337337738539,0
M_092,58.60795659707387,4887.260589951839,0
M_041,66.17916386993527,2659.563532621317,0
M_064,53.618778606906886,678.9452353196856,0
M_027,94.80020767858396,496.51101376846475,0
M_063,65.7290823880876,1044.3203535286998,0
M_017,62.60073062309064,4628.186650126679,0
M_073,56.198890895626896,2070.751121641134,0
M_033,57.231626998681094,1977.1713399645719,0
M_084,90.9269490309812,1566.03130535087,0
M_077,98.17455061066168,735.3092528329419,0
M_092,77.81652919250807,2439.2559859620324,0
M_029,83.59279571144512,650.2389125556934,0
M_013,98.01774151880889,4177.401181911638,0
M_046,51.216585312983575,1851.9849313765324,0
M_035,72.6191459949195,1874.0178389089817,0
M_006,118.11684236492425,2370.0321424157796,0
M_082,90.60785607868277,2220.638565828758,0
M_069,67.79572059282452,4974.289865296608,0
M_047,86.52110326453493,2726.9056060915127,0
M_025,73.98574416846407,441.00851894935346,0
M_066,87.25714921784095,3034.3867078846497,0
M_010,58.801905826465415,757.9214643493998,0
M_056,59.29002576734942,154.68822365670988,0
M_030,60.0479653427575,4853.7107683862405,0
M_005,115.78738543487893,3867.6944576728197,1
M_033,101.30292428389393,4900.544962068835,1
M_065,61.36673262636246,2389.3922401112122,0
M_018,63.1844358635921,2661.287655744881,0
M_096,101.15806324096135,841.6847795956511,0
M_049,60.931469135452176,1234.537133337928,0
M_011,66.41929053343802,4192.746074514141,0
M_085,117.43427829742794,1780.9282355879707,0
M_026,67.87145673099023,4134.074868982095,0
M_063,96.31426452598026,3545.068621435159,0
M_089,118.50419011803713,885.8546263593275,0
M_086,76.20077369978549,2537.2318305987105,0
M_059,51.226119360344356,3386.936607593584,0
M_027,67.0903103295662,1175.1860740191255,0
M_049,108.16140339391939,4153.442552600384,1
M_077,110.52261851685256,2724.138287725934,0
M_033,103.79635551666539,826.210252213016,0
M_098,57.917687335360114,2914.922130823012,0
M_099,105.68572601874823,4998.569020779571,1
M_001,114.3074457895453,752.6074583170678,0
M_021,92.04266797823652,4083.7846505976404,0
M_055,115.86127494366454,1036.54501593779,0
M_006,107.87872185983142,3911.9416473004367,1
M_092,96.6880061893635,3672.8896156070664,0
M_081,90.40296656982237,1502.446928002162,0
M_069,74.40015670693793,1629.1155878222492,0
M_095,61.15012116699636,3962.606959814596,0
M_005,92.34677458833787,2307.2275594365633,0
M_003,72.26780875326837,3654.090143559044,0
M_053,110.65070672693517,739.9207368291738,0
M_023,119.53358561510399,4262.788909507767,1
M_053,102.66994338309007,3554.4235834115957,1
M_037,56.33371867009355,4534.714044174169,0
M_074,70.20799168714467,661.8618951748623,0
M_074,57.63767422360248,2965.0725018029884,0
M_083,95.5358153454201,2995.602925201626,0
M_017,103.56336051890493,1767.3037027339121,0
M_085,114.79723816164983,2292.332122846289,0
M_078,80.67206424883913,189.90781644926736,0
M_073,113.0962954711911,3729.30019313506,1
M_001,111.45238113289292,2746.61239701587,0
M_051,72.2037001735779,288.70525934586885,0
M_045,110.82304378783996,3403.779464802428,1
M_077,76.29705763172086,2333.9103861559397,0
M_004,70.78084921921965,172.30629712500001,0
M_062,95.43522611560752,4848.038634240477,0
M_065,72.98668595195568,4745.560715447203,0
M_032,94.1146123830401,2564.5120807359876,0
M_034,92.68822638490862,468.362103529551,0
M_092,89.44072491439212,3773.106107992959,0
M_095,76.62937929629584,2459.655500528645,0
M_072,88.39498051560338,1512.2373914468994,0
M_039,91.75398324897951,2457.090887642784,0
M_026,88.19808219468314,2612.2207270273225,0
M_034,81.10936169258412,2813.558495111696,0
M_054,51.02669399323847,2206.1185682766327,0
M_003,91.09431953908057,3028.7765156952833,0
M_050,61.79110695999037,4593.6735530318865,0
M_012,94.98031782630326,1811.3404354929557,0
M_065,103.15410295460062,3628.5823160997456,1
M_054,85.0311716391519,4472.262784121161,0
M_005,87.96545654858168,2279.8963787996845,0
M_094,116.60349917661938,2217.2791819095205,0
M_094,109.3017152960802,3010.5849267738977,1
M_057,113.9965561166029,2957.0337971124404,0
M_017,106.96364018237105,4032.946711631385,1
M_047,57.6242839292712,2382.4169188914634,0
M_023,60.42942991791363,4980.614748197206,0
M_079,86.86366580882716,297.3578443364039,0
M_085,67.22487611585987,15.839242903508687,0
M_014,83.36868325288114,3200.991557798119,0
M_066,77.60557266728452,1492.1745618093835,0
M_075,88.45899669013173,1201.911943497419,0
M_051,102.2813001295076,1559.4954000214022,0
M_038,100.08436349694921,1280.2378255247716,0
M_064,86.4863892739734,153.95024830223923,0
M_098,107.56753931719408,4857.6652119529435,1
M_038,80.16034640766233,1103.7274422639086,0
M_050,112.77000028880857,3670.1488129465315,1
M_098,54.989618903861476,3812.9819734708763,0
M_082,116.82620210233152,4646.286990036147,1
M_030,95.82851570019437,152.74728546689985,0
M_079,76.60521562560437,4360.2416922350385,0
M_091,63.80078886010141,2636.130904199001,0
M_051,83.542826061052,3162.7205498291396,0
M_063,63.619082622971064,3222.351385605168,0
M_098,61.64321254201995,4098.989024923638,0
M_052,93.21462301890818,1667.0366107955526,0
M_038,86.61593072072492,3665.255949299967,0
M_097,96.90672242276591,2642.8905486109857,0
M_088,115.07241141953925,3966.9700715267386,1
M_079,87.2582149337328,4952.730163850667,0
M_030,90.66524372839584,1003.2550870188062,0
M_051,56.27384374084595,4973.243207799989,0
M_081,100.23450501360406,449.06077141387004,0
M_005,77.99336447629094,11.58773952406933,0
M_029,118.37076670638052,220.8096808891563,0
M_004,107.62218109169622,1708.9120236838085,0
M_010,86.57367283612828,3164.531653392171,0
M_056,58.62558579205162,345.1477044392481,0
M_017,110.15910552964124,28.32907264783635,0
M_074,105.98467667968151,4685.455142293974,1
M_017,62.92095906759231,4109.633179699648,0
M_084,70.66948024542171,4045.915855695155,0
M_088,105.53850807034861,4422.121377509886,1
M_069,62.96599125831868,3500.171363860522,0
M_034,114.24267424199641,522.0206487404072,0
M_006,79.71691976374532,1995.5009403686151,0
M_053,56.09272738113611,3615.7474323231477,0
M_066,107.10240504529966,1401.6723039576045,0
M_077,76.14567781268713,3437.031820681188,0
M_043,86.85494359076466,122.49224133826175,0
M_075,57.86130410878534,1530.686704397966,0
M_023,50.180881039148765,2745.6516813858634,0
M_055,94.65896440553084,3160.449147531211,0
M_080,86.0622619233612,2885.203322309554,0
M_095,91.5476998386203,3488.7813803671474,0
M_075,105.56206952663615,30.44374119919535,0
M_016,95.26241393960021,504.70599988760745,0
M_008,62.2341409979164,4344.721261395725,0
M_004,75.25407633774199,3408.7432204508063,0
M_004,113.41237733514322,564.6582134300565,0
M_056,103.89612901761753,4210.372186992896,1
M_025,88.96459405557022,1211.1560891228346,0
M_067,67.89514984664906,2391.2994209761173,0
M_096,71.14423512843565,725.9825644233015,0
M_067,101.23706473099442,3550.5502821085333,1
M_027,109.58219825969395,3334.2721050713394,1
M_093,96.99972686714301,1055.5623558306809,0
M_032,106.66709830379092,4317.003834285009,1
M_050,103.66592946402841,2006.5301210985608,0
M_061,60.479277756987045,1462.575455353709,0
M_051,79.67613690393114,761.6479473226773,0
M_019,60.70886605799939,1330.8400625776874,0
M_021,66.46649093613894,110.13460611908499,0
M_005,110.84817372557367,2916.287462280578,0
M_082,83.10243759432275,4211.15373171974,0
M_092,87.47506712898627,2744.9022472082092,0
M_042,62.49121756594405,1096.3698096193787,0
M_061,71.85902502341573,168.3458910693636,0
M_022,66.11723178995089,1073.1403662940143,0
M_021,64.43303151628984,2080.6071403554615,0
M_070,94.65725553211792,3798.0571434989824,0
M_001,67.98186933520003,939.2142626888706,0
M_005,94.24108402142929,3598.9572667734305,0
M_012,54.091822987598775,4334.667341759418,0
M_090,59.92420754689713,2269.7342405417853,0
M_046,69.21781778000877,4107.159958212967,0
M_034,91.79328418269841,2773.286740175478,0
M_049,97.30888715611633,3185.4541854045247,0
M_078,80.9901876745669,2631.3923016910135,0
M_090,81.20536402040602,2315.863583756709,0
M_045,100.71617959790328,1173.2672088792467,0
M_027,51.10747642359077,1515.9702973052304,0
M_073,73.87630171319543,1449.8505947180452,0
M_026,107.30949399834628,2816.4446547690736,0
M_047,92.22535871493605,599.7684651194496,0
M_086,73.60589929287943,4583.9584535116755,0
M_056,113.38673546307717,3603.275726415566,1
M_094,104.08359092145677,2007.2281545659682,0
M_063,68.54268130657134,793.1207226318899,0
M_048,95.17028862680019,4409.960848608179,0
M_061,91.70255097322698,4118.890450505826,0
M_081,78.08315398272879,3608.6077635858965,0
M_026,75.68692554433605,1357.7352370562119,0
M_036,74.04923323429928,2012.2331871683446,0
M_001,93.20090483769528,513.7412622621168,0
M_008,80.96869555364687,945.1976236376586,0
M_099,108.23041792759955,3915.0831865836644,1
M_052,96.87218312937733,3575.193594253419,0
M_079,54.89521239966039,2967.4288148796736,0
M_047,94.81177566797163,4478.633629630865,0
M_056,68.98032055501294,2916.332589065227,0
M_086,91.49683941573959,2334.8399998180535,0
M_014,97.6092351772416,1701.8537315288136,0
M_090,66.15804324078084,4702.242528680863,0
M_028,81.98010514162581,413.5773076217675,0
M_087,63.32274039733475,4654.436860304042,0
M_078,53.66372130505558,4133.573299655091,0
M_088,76.49334964401083,649.6496226785065,0
M_002,75.40609902921943,2824.9217883762676,0
M_026,119.68363434929799,4332.739908745434,1
M_014,81.24466458383495,2859.0458180357687,0
M_059,73.34986846305404,4535.999107803112,0
M_056,90.63325047016723,4714.919084080212,0
M_007,56.21371758754379,2111.9226109215297,0
M_003,117.31660151683693,1886.5683070316181,0
M_023,94.44720319137232,4681.605769845784,0
M_018,102.83864739585934,3375.7003057483403,1
M_038,61.933455672174226,580.1134067408465,0
M_099,78.66344971036428,211.458746113406,0
M_015,79.58823793773327,2823.1452549863156,0
M_064,107.52645107307607,4650.854827192123,1
M_089,50.08656758315866,4221.243512029092,0
M_028,71.05971758472785,3379.238732321682,0
M_074,118.68654620410128,695.5792444554377,0
M_039,83.2420580454353,1271.156918743478,0
M_057,76.77683961708058,4377.55613276308,0
M_017,58.38803014123525,914.0361832845023,0
M_086,118.19152400396109,1392.1970412521728,0
M_090,51.40184491480771,648.0032559772097,0
M_044,101.60261575050703,3380.5411570720557,1
M_025,103.80198633519558,4719.911526816048,1
M_017,67.05597012447066,1344.8401579769297,0
M_013,97.00909105291261,2377.0330392503683,0
M_084,56.505040106557296,3171.6986985560216,0
M_025,67.9933086502456,4997.331241078154,0
M_068,105.15313918045855,524.0403249878606,0
M_010,110.52803344234782,2492.8539975285457,0
M_067,92.59404888618539,1925.6005995125004,0
M_018,85.47869022743379,4329.100826111776,0
M_086,61.15128144332862,2379.8386550582795,0
M_034,54.417632315540516,554.8876229257404,0
M_008,58.235431993149106,3172.120726432918,0
M_040,65.91501100672691,3853.9030913193988,0
M_083,73.91721513278446,14.406258328072962,0
M_042,76.66366678576911,4294.783427103148,0
M_041,74.24252380123025,930.1150000283282,0
M_006,66.7338732538086,2760.3468232668893,0
M_052,85.68069727261887,2078.987503437251,0
M_026,107.77002757630278,3598.269083052652,1
